Time,Expiry,TTE,Strike,Price,X,Rate,IVol,LVol
20000103 15:00:00 UTC,20000131 15:00:00 UTC,0.079365,3652.226778,354.588428,-0.092545,0.020000,0.155010,0.198843
20000103 15:00:00 UTC,20000131 15:00:00 UTC,0.079365,3728.114185,280.541269,-0.071979,0.020000,0.147841,0.182744
20000103 15:00:00 UTC,20000131 15:00:00 UTC,0.079365,3805.578411,207.540616,-0.051414,0.020000,0.140728,0.167077
20000103 15:00:00 UTC,20000131 15:00:00 UTC,0.079365,3884.652220,138.791533,-0.030848,0.020000,0.133827,0.152157
20000103 15:00:00 UTC,20000131 15:00:00 UTC,0.079365,3965.369055,79.746497,-0.010283,0.020000,0.127368,0.138986
20000103 15:00:00 UTC,20000131 15:00:00 UTC,0.079365,4047.763056,36.751995,0.010283,0.020000,0.121649,0.128169
20000103 15:00:00 UTC,20000131 15:00:00 UTC,0.079365,4131.869072,12.579141,0.030848,0.020000,0.116983,0.120504
20000103 15:00:00 UTC,20000131 15:00:00 UTC,0.079365,4217.722676,3.007229,0.051414,0.020000,0.113611,0.116513
20000103 15:00:00 UTC,20000131 15:00:00 UTC,0.079365,4305.360180,0.492396,0.071979,0.020000,0.111603,0.115853
20000103 15:00:00 UTC,20000131 15:00:00 UTC,0.079365,4394.818651,0.056838,0.092545,0.020000,0.110852,0.118039
20000103 15:00:00 UTC,20000229 15:00:00 UTC,0.162698,3474.203985,539.095568,-0.144183,0.020000,0.175342,0.243251
20000103 15:00:00 UTC,20000229 15:00:00 UTC,0.162698,3587.322270,429.265468,-0.112142,0.020000,0.166087,0.221212
20000103 15:00:00 UTC,20000229 15:00:00 UTC,0.162698,3704.123627,319.786336,-0.080102,0.020000,0.156810,0.199403
20000103 15:00:00 UTC,20000229 15:00:00 UTC,0.162698,3824.727977,215.342970,-0.048061,0.020000,0.147737,0.178913
20000103 15:00:00 UTC,20000229 15:00:00 UTC,0.162698,3949.259141,124.275359,-0.016020,0.020000,0.139237,0.160704
20000103 15:00:00 UTC,20000229 15:00:00 UTC,0.162698,4077.844976,57.083713,0.016020,0.020000,0.131832,0.146068
20000103 15:00:00 UTC,20000229 15:00:00 UTC,0.162698,4210.617499,19.255699,0.048061,0.020000,0.126092,0.136553
20000103 15:00:00 UTC,20000229 15:00:00 UTC,0.162698,4347.713026,4.529384,0.080102,0.020000,0.122400,0.132927
20000103 15:00:00 UTC,20000229 15:00:00 UTC,0.162698,4489.272313,0.749117,0.112142,0.020000,0.120755,0.134219
20000103 15:00:00 UTC,20000229 15:00:00 UTC,0.162698,4635.440698,0.092774,0.144183,0.020000,0.120835,0.139442
20000103 15:00:00 UTC,20000331 15:00:00 UTC,0.253968,3306.224901,713.626117,-0.195567,0.020000,0.194949,0.283132
20000103 15:00:00 UTC,20000331 15:00:00 UTC,0.253968,3453.078984,571.656081,-0.152107,0.020000,0.183930,0.257558
20000103 15:00:00 UTC,20000331 15:00:00 UTC,0.253968,3606.455951,428.581642,-0.108648,0.020000,0.172813,0.231423
20000103 15:00:00 UTC,20000331 15:00:00 UTC,0.253968,3766.645531,290.446692,-0.065189,0.020000,0.161876,0.205412
20000103 15:00:00 UTC,20000331 15:00:00 UTC,0.253968,3933.950325,168.415761,-0.021730,0.020000,0.151610,0.182042
20000103 15:00:00 UTC,20000331 15:00:00 UTC,0.253968,4108.686371,77.352145,0.021730,0.020000,0.142752,0.164645
20000103 15:00:00 UTC,20000331 15:00:00 UTC,0.253968,4291.183747,25.931575,0.065189,0.020000,0.136123,0.153714
20000103 15:00:00 UTC,20000331 15:00:00 UTC,0.253968,4481.787191,6.081205,0.108648,0.020000,0.132220,0.150590
20000103 15:00:00 UTC,20000331 15:00:00 UTC,0.253968,4680.856754,1.026581,0.152107,0.020000,0.130936,0.153658
20000103 15:00:00 UTC,20000331 15:00:00 UTC,0.253968,4888.768479,0.134951,0.195567,0.020000,0.131721,0.161291
20000104 15:00:00 UTC,20000131 15:00:00 UTC,0.075397,3650.441239,343.498648,-0.089816,0.020000,0.153938,0.196605
20000104 15:00:00 UTC,20000131 15:00:00 UTC,0.075397,3724.032753,271.671202,-0.069857,0.020000,0.146891,0.180824
20000104 15:00:00 UTC,20000131 15:00:00 UTC,0.075397,3799.107845,200.900270,-0.049898,0.020000,0.139903,0.165433
20000104 15:00:00 UTC,20000131 15:00:00 UTC,0.075397,3875.696423,134.298552,-0.029939,0.020000,0.133127,0.150770
20000104 15:00:00 UTC,20000131 15:00:00 UTC,0.075397,3953.828997,77.148004,-0.009980,0.020000,0.126785,0.137865
20000104 15:00:00 UTC,20000131 15:00:00 UTC,0.075397,4033.536694,35.565442,0.009980,0.020000,0.121162,0.127325
20000104 15:00:00 UTC,20000131 15:00:00 UTC,0.075397,4114.851269,12.186646,0.029939,0.020000,0.116561,0.119818
20000104 15:00:00 UTC,20000131 15:00:00 UTC,0.075397,4197.805114,2.918011,0.049898,0.020000,0.113212,0.115744
20000104 15:00:00 UTC,20000131 15:00:00 UTC,0.075397,4282.431278,0.477880,0.069857,0.020000,0.111187,0.114949
20000104 15:00:00 UTC,20000131 15:00:00 UTC,0.075397,4368.763473,0.055017,0.089816,0.020000,0.110391,0.116972
20000104 15:00:00 UTC,20000229 15:00:00 UTC,0.158730,3471.051137,529.376641,-0.141873,0.020000,0.174440,0.241130
20000104 15:00:00 UTC,20000229 15:00:00 UTC,0.158730,3582.227642,421.409517,-0.110346,0.020000,0.165271,0.219542
20000104 15:00:00 UTC,20000229 15:00:00 UTC,0.158730,3696.965089,313.840501,-0.078818,0.020000,0.156083,0.198123
20000104 15:00:00 UTC,20000229 15:00:00 UTC,0.158730,3815.377535,211.276324,-0.047291,0.020000,0.147100,0.177655
20000104 15:00:00 UTC,20000229 15:00:00 UTC,0.158730,3937.582688,121.903019,-0.015764,0.020000,0.138685,0.159606
20000104 15:00:00 UTC,20000229 15:00:00 UTC,0.158730,4063.702028,55.997956,0.015764,0.020000,0.131350,0.145166
20000104 15:00:00 UTC,20000229 15:00:00 UTC,0.158730,4193.860925,18.897670,0.047291,0.020000,0.125655,0.135803
20000104 15:00:00 UTC,20000229 15:00:00 UTC,0.158730,4328.188763,4.446714,0.078818,0.020000,0.121973,0.132070
20000104 15:00:00 UTC,20000229 15:00:00 UTC,0.158730,4466.819073,0.734846,0.110346,0.020000,0.120312,0.133424
20000104 15:00:00 UTC,20000229 15:00:00 UTC,0.158730,4609.889662,0.090711,0.141873,0.020000,0.120356,0.138398
20000104 15:00:00 UTC,20000331 15:00:00 UTC,0.250000,3302.821141,704.161853,-0.193379,0.020000,0.194135,0.281855
20000104 15:00:00 UTC,20000331 15:00:00 UTC,0.250000,3447.847514,563.934274,-0.150406,0.020000,0.183186,0.256711
20000104 15:00:00 UTC,20000331 15:00:00 UTC,0.250000,3599.241973,422.681714,-0.107433,0.020000,0.172142,0.229647
20000104 15:00:00 UTC,20000331 15:00:00 UTC,0.250000,3757.284140,286.373121,-0.064460,0.020000,0.161279,0.204363
20000104 15:00:00 UTC,20000331 15:00:00 UTC,0.250000,3922.265915,166.018911,-0.021487,0.020000,0.151083,0.181348
20000104 15:00:00 UTC,20000331 15:00:00 UTC,0.250000,4094.492014,76.248215,0.021487,0.020000,0.142284,0.163433
20000104 15:00:00 UTC,20000331 15:00:00 UTC,0.250000,4274.280534,25.565466,0.064460,0.020000,0.135690,0.152610
20000104 15:00:00 UTC,20000331 15:00:00 UTC,0.250000,4461.963542,5.995302,0.107433,0.020000,0.131795,0.149675
20000104 15:00:00 UTC,20000331 15:00:00 UTC,0.250000,4657.887681,1.011269,0.150406,0.020000,0.130497,0.152623
20000104 15:00:00 UTC,20000331 15:00:00 UTC,0.250000,4862.414820,0.132686,0.193379,0.020000,0.131254,0.160253
20000105 15:00:00 UTC,20000131 15:00:00 UTC,0.071429,3662.008715,333.494514,-0.087045,0.020000,0.152851,0.194321
20000105 15:00:00 UTC,20000131 15:00:00 UTC,0.071429,3733.533531,263.664053,-0.067702,0.020000,0.145929,0.178762
20000105 15:00:00 UTC,20000131 15:00:00 UTC,0.071429,3806.455340,194.901051,-0.048358,0.020000,0.139070,0.163720
20000105 15:00:00 UTC,20000131 15:00:00 UTC,0.071429,3880.801427,130.236648,-0.029015,0.020000,0.132422,0.149437
20000105 15:00:00 UTC,20000131 15:00:00 UTC,0.071429,3956.599610,74.798488,-0.009672,0.020000,0.126200,0.136819
20000105 15:00:00 UTC,20000131 15:00:00 UTC,0.071429,4033.878252,34.493286,0.009672,0.020000,0.120676,0.126423
20000105 15:00:00 UTC,20000131 15:00:00 UTC,0.071429,4112.666267,11.833305,0.029015,0.020000,0.116141,0.119025
20000105 15:00:00 UTC,20000131 15:00:00 UTC,0.071429,4192.993137,2.837903,0.048358,0.020000,0.112816,0.114952
20000105 15:00:00 UTC,20000131 15:00:00 UTC,0.071429,4274.888918,0.465049,0.067702,0.020000,0.110776,0.114096
20000105 15:00:00 UTC,20000131 15:00:00 UTC,0.071429,4358.384253,0.053257,0.087045,0.020000,0.109933,0.115917
20000105 15:00:00 UTC,20000229 15:00:00 UTC,0.154762,3480.476786,521.541613,-0.139554,0.020000,0.173533,0.238638
20000105 15:00:00 UTC,20000229 15:00:00 UTC,0.154762,3590.104424,415.056374,-0.108542,0.020000,0.164450,0.218159
20000105 15:00:00 UTC,20000229 15:00:00 UTC,0.154762,3703.185101,309.016257,-0.077530,0.020000,0.155353,0.196691
20000105 15:00:00 UTC,20000229 15:00:00 UTC,0.154762,3819.827579,207.966694,-0.046518,0.020000,0.146461,0.176766
20000105 15:00:00 UTC,20000229 15:00:00 UTC,0.154762,3940.144048,119.968625,-0.015506,0.020000,0.138132,0.158498
20000105 15:00:00 UTC,20000229 15:00:00 UTC,0.154762,4064.250230,55.113660,0.015506,0.020000,0.130869,0.144313
20000105 15:00:00 UTC,20000229 15:00:00 UTC,0.154762,4192.265495,18.607736,0.046518,0.020000,0.125217,0.135035
20000105 15:00:00 UTC,20000229 15:00:00 UTC,0.154762,4324.312968,4.380105,0.077530,0.020000,0.121547,0.131399
20000105 15:00:00 UTC,20000229 15:00:00 UTC,0.154762,4460.519657,0.723329,0.108542,0.020000,0.119868,0.132515
20000105 15:00:00 UTC,20000229 15:00:00 UTC,0.154762,4601.016568,0.088843,0.139554,0.020000,0.119878,0.137385
20000105 15:00:00 UTC,20000331 15:00:00 UTC,0.246032,3311.363479,697.237531,-0.191189,0.020000,0.193318,0.279808
20000105 15:00:00 UTC,20000331 15:00:00 UTC,0.246032,3455.082716,558.249487,-0.148702,0.020000,0.182439,0.253982
20000105 15:00:00 UTC,20000331 15:00:00 UTC,0.246032,3605.039630,418.310387,-0.106216,0.020000,0.171469,0.228363
20000105 15:00:00 UTC,20000331 15:00:00 UTC,0.246032,3761.504949,283.336793,-0.063730,0.020000,0.160681,0.203096
20000105 15:00:00 UTC,20000331 15:00:00 UTC,0.246032,3924.761150,164.224555,-0.021243,0.020000,0.150556,0.180765
20000105 15:00:00 UTC,20000331 15:00:00 UTC,0.246032,4095.102968,75.420976,0.021243,0.020000,0.141815,0.162937
20000105 15:00:00 UTC,20000331 15:00:00 UTC,0.246032,4272.837933,25.292305,0.063730,0.020000,0.135256,0.152156
20000105 15:00:00 UTC,20000331 15:00:00 UTC,0.246032,4458.286921,5.931346,0.106216,0.020000,0.131370,0.148748
20000105 15:00:00 UTC,20000331 15:00:00 UTC,0.246032,4651.784734,0.999564,0.148702,0.020000,0.130057,0.151862
20000105 15:00:00 UTC,20000331 15:00:00 UTC,0.246032,4853.680707,0.130758,0.191189,0.020000,0.130787,0.159028
20000106 15:00:00 UTC,20000131 15:00:00 UTC,0.067460,3657.698583,321.864839,-0.084227,0.020000,0.151748,0.191822
20000106 15:00:00 UTC,20000131 15:00:00 UTC,0.067460,3726.804568,254.375888,-0.065510,0.020000,0.144955,0.176732
20000106 15:00:00 UTC,20000131 15:00:00 UTC,0.067460,3797.216193,187.958433,-0.046793,0.020000,0.138228,0.161922
20000106 15:00:00 UTC,20000131 15:00:00 UTC,0.067460,3868.958126,125.546248,-0.028076,0.020000,0.131712,0.148100
20000106 15:00:00 UTC,20000131 15:00:00 UTC,0.067460,3942.055500,72.088588,-0.009359,0.020000,0.125612,0.135725
20000106 15:00:00 UTC,20000131 15:00:00 UTC,0.067460,4016.533925,33.255230,0.009359,0.020000,0.120191,0.125603
20000106 15:00:00 UTC,20000131 15:00:00 UTC,0.067460,4092.419493,11.422920,0.028076,0.020000,0.115724,0.118235
20000106 15:00:00 UTC,20000131 15:00:00 UTC,0.067460,4169.738789,2.744320,0.046793,0.020000,0.112424,0.114209
20000106 15:00:00 UTC,20000131 15:00:00 UTC,0.067460,4248.518902,0.449929,0.065510,0.020000,0.110369,0.113221
20000106 15:00:00 UTC,20000131 15:00:00 UTC,0.067460,4328.787430,0.051394,0.084227,0.020000,0.109480,0.114899
20000106 15:00:00 UTC,20000229 15:00:00 UTC,0.150794,3474.681436,511.395963,-0.137225,0.020000,0.172621,0.236893
20000106 15:00:00 UTC,20000229 15:00:00 UTC,0.150794,3582.271774,406.867568,-0.106730,0.020000,0.163626,0.215869
20000106 15:00:00 UTC,20000229 15:00:00 UTC,0.150794,3693.193549,302.828143,-0.076236,0.020000,0.154620,0.195263
20000106 15:00:00 UTC,20000229 15:00:00 UTC,0.150794,3807.549915,203.740667,-0.045742,0.020000,0.145820,0.175494
20000106 15:00:00 UTC,20000229 15:00:00 UTC,0.150794,3925.447222,117.506409,-0.015247,0.020000,0.137579,0.157490
20000106 15:00:00 UTC,20000229 15:00:00 UTC,0.150794,4046.995111,53.986813,0.015247,0.020000,0.130386,0.143541
20000106 15:00:00 UTC,20000229 15:00:00 UTC,0.150794,4172.306619,18.235843,0.045742,0.020000,0.124779,0.134343
20000106 15:00:00 UTC,20000229 15:00:00 UTC,0.150794,4301.498284,4.294432,0.076236,0.020000,0.121120,0.130553
20000106 15:00:00 UTC,20000229 15:00:00 UTC,0.150794,4434.690251,0.708518,0.106730,0.020000,0.119425,0.131598
20000106 15:00:00 UTC,20000229 15:00:00 UTC,0.150794,4572.006385,0.086835,0.137225,0.020000,0.119399,0.136498
20000106 15:00:00 UTC,20000331 15:00:00 UTC,0.242063,3305.400576,687.258213,-0.188995,0.020000,0.192497,0.278496
20000106 15:00:00 UTC,20000331 15:00:00 UTC,0.242063,3447.180334,550.121490,-0.146996,0.020000,0.181690,0.252223
20000106 15:00:00 UTC,20000331 15:00:00 UTC,0.242063,3595.041503,412.110953,-0.104997,0.020000,0.170794,0.227332
20000106 15:00:00 UTC,20000331 15:00:00 UTC,0.242063,3749.244935,279.063629,-0.062998,0.020000,0.160081,0.202046
20000106 15:00:00 UTC,20000331 15:00:00 UTC,0.242063,3910.062671,161.714325,-0.020999,0.020000,0.150028,0.179903
20000106 15:00:00 UTC,20000331 15:00:00 UTC,0.242063,4077.778422,74.265530,0.020999,0.020000,0.141345,0.162106
20000106 15:00:00 UTC,20000331 15:00:00 UTC,0.242063,4252.688065,24.909009,0.062998,0.020000,0.134822,0.151188
20000106 15:00:00 UTC,20000331 15:00:00 UTC,0.242063,4435.100172,5.841508,0.104997,0.020000,0.130944,0.147972
20000106 15:00:00 UTC,20000331 15:00:00 UTC,0.242063,4625.336548,0.983411,0.146996,0.020000,0.129617,0.150985
20000106 15:00:00 UTC,20000331 15:00:00 UTC,0.242063,4823.732803,0.128500,0.188995,0.020000,0.130319,0.158191
20000107 15:00:00 UTC,20000131 15:00:00 UTC,0.063492,3651.730102,309.945164,-0.081357,0.020000,0.150627,0.189461
20000107 15:00:00 UTC,20000131 15:00:00 UTC,0.063492,3718.350984,244.863217,-0.063277,0.020000,0.143966,0.174584
20000107 15:00:00 UTC,20000131 15:00:00 UTC,0.063492,3786.187273,180.853610,-0.045198,0.020000,0.137376,0.160299
20000107 15:00:00 UTC,20000131 15:00:00 UTC,0.063492,3855.261144,120.750262,-0.027119,0.020000,0.130995,0.146691
20000107 15:00:00 UTC,20000131 15:00:00 UTC,0.063492,3925.595175,69.319187,-0.009040,0.020000,0.125022,0.134630
20000107 15:00:00 UTC,20000131 15:00:00 UTC,0.063492,3997.212355,31.989433,0.009040,0.020000,0.119706,0.124652
20000107 15:00:00 UTC,20000131 15:00:00 UTC,0.063492,4070.136094,11.002993,0.027119,0.020000,0.115309,0.117502
20000107 15:00:00 UTC,20000131 15:00:00 UTC,0.063492,4144.390227,2.648698,0.045198,0.020000,0.112037,0.113414
20000107 15:00:00 UTC,20000131 15:00:00 UTC,0.063492,4219.999028,0.434581,0.063277,0.020000,0.109967,0.112339
20000107 15:00:00 UTC,20000131 15:00:00 UTC,0.063492,4296.987208,0.049549,0.081357,0.020000,0.109030,0.113845
20000107 15:00:00 UTC,20000229 15:00:00 UTC,0.146825,3467.173124,501.011786,-0.134885,0.020000,0.171703,0.235118
20000107 15:00:00 UTC,20000229 15:00:00 UTC,0.146825,3572.672692,398.492872,-0.104910,0.020000,0.162797,0.214041
20000107 15:00:00 UTC,20000229 15:00:00 UTC,0.146825,3681.382413,296.504343,-0.074936,0.020000,0.153884,0.193492
20000107 15:00:00 UTC,20000229 15:00:00 UTC,0.146825,3793.399967,199.425259,-0.044962,0.020000,0.145177,0.173875
20000107 15:00:00 UTC,20000229 15:00:00 UTC,0.146825,3908.826004,114.994370,-0.014987,0.020000,0.137023,0.156552
20000107 15:00:00 UTC,20000229 15:00:00 UTC,0.146825,4027.764239,52.836981,0.014987,0.020000,0.129904,0.142597
20000107 15:00:00 UTC,20000229 15:00:00 UTC,0.146825,4150.321542,17.856295,0.044962,0.020000,0.124342,0.133598
20000107 15:00:00 UTC,20000229 15:00:00 UTC,0.146825,4276.608033,4.206814,0.074936,0.020000,0.120695,0.129743
20000107 15:00:00 UTC,20000229 15:00:00 UTC,0.146825,4406.737185,0.693582,0.104910,0.020000,0.118982,0.130803
20000107 15:00:00 UTC,20000229 15:00:00 UTC,0.146825,4540.825922,0.084773,0.134885,0.020000,0.118920,0.135429
20000107 15:00:00 UTC,20000331 15:00:00 UTC,0.238095,3297.785071,676.976379,-0.186799,0.020000,0.191674,0.277498
20000107 15:00:00 UTC,20000331 15:00:00 UTC,0.238095,3437.559779,541.755095,-0.145288,0.020000,0.180938,0.252184
20000107 15:00:00 UTC,20000331 15:00:00 UTC,0.238095,3583.258757,405.735819,-0.103777,0.020000,0.170117,0.225594
20000107 15:00:00 UTC,20000331 15:00:00 UTC,0.238095,3735.133102,274.673682,-0.062266,0.020000,0.159480,0.200814
20000107 15:00:00 UTC,20000331 15:00:00 UTC,0.238095,3893.444553,159.137282,-0.020755,0.020000,0.149498,0.179038
20000107 15:00:00 UTC,20000331 15:00:00 UTC,0.238095,4058.465943,73.079666,0.020755,0.020000,0.140875,0.161281
20000107 15:00:00 UTC,20000331 15:00:00 UTC,0.238095,4230.481669,24.515726,0.062266,0.020000,0.134388,0.150855
20000107 15:00:00 UTC,20000331 15:00:00 UTC,0.238095,4409.788181,5.749373,0.103777,0.020000,0.130518,0.147310
20000107 15:00:00 UTC,20000331 15:00:00 UTC,0.238095,4596.694497,0.967051,0.145288,0.020000,0.129176,0.150374
20000107 15:00:00 UTC,20000331 15:00:00 UTC,0.238095,4791.522728,0.126050,0.186799,0.020000,0.129850,0.157518
20000110 15:00:00 UTC,20000131 15:00:00 UTC,0.059524,3624.833117,296.155832,-0.078429,0.020000,0.149486,0.186814
20000110 15:00:00 UTC,20000131 15:00:00 UTC,0.059524,3688.562491,233.878918,-0.061000,0.020000,0.142963,0.172543
20000110 15:00:00 UTC,20000131 15:00:00 UTC,0.059524,3753.412311,172.666331,-0.043571,0.020000,0.136513,0.158452
20000110 15:00:00 UTC,20000131 15:00:00 UTC,0.059524,3819.402277,115.234446,-0.026143,0.020000,0.130273,0.145233
20000110 15:00:00 UTC,20000131 15:00:00 UTC,0.059524,3886.552434,66.137377,-0.008714,0.020000,0.124430,0.133493
20000110 15:00:00 UTC,20000131 15:00:00 UTC,0.059524,3954.883180,30.533777,0.008714,0.020000,0.119221,0.123831
20000110 15:00:00 UTC,20000131 15:00:00 UTC,0.059524,4024.415271,10.517047,0.026143,0.020000,0.114898,0.116709
20000110 15:00:00 UTC,20000131 15:00:00 UTC,0.059524,4095.169829,2.536897,0.043571,0.020000,0.111655,0.112650
20000110 15:00:00 UTC,20000131 15:00:00 UTC,0.059524,4167.168345,0.416661,0.061000,0.020000,0.109571,0.111483
20000110 15:00:00 UTC,20000131 15:00:00 UTC,0.059524,4240.432691,0.047374,0.078429,0.020000,0.108586,0.112813
20000110 15:00:00 UTC,20000229 15:00:00 UTC,0.142857,3439.651473,487.805332,-0.132533,0.020000,0.170780,0.232841
20000110 15:00:00 UTC,20000229 15:00:00 UTC,0.142857,3542.462102,387.877826,-0.103081,0.020000,0.161964,0.212360
20000110 15:00:00 UTC,20000229 15:00:00 UTC,0.142857,3648.345724,288.517309,-0.073630,0.020000,0.153144,0.192290
20000110 15:00:00 UTC,20000229 15:00:00 UTC,0.142857,3757.394191,193.993944,-0.044178,0.020000,0.144532,0.172977
20000110 15:00:00 UTC,20000229 15:00:00 UTC,0.142857,3869.702098,111.839361,-0.014726,0.020000,0.136467,0.155634
20000110 15:00:00 UTC,20000229 15:00:00 UTC,0.142857,3985.366871,51.392345,0.014726,0.020000,0.129420,0.141800
20000110 15:00:00 UTC,20000229 15:00:00 UTC,0.142857,4104.488845,17.376831,0.044178,0.020000,0.123904,0.132833
20000110 15:00:00 UTC,20000229 15:00:00 UTC,0.142857,4227.171356,4.095787,0.073630,0.020000,0.120270,0.129036
20000110 15:00:00 UTC,20000229 15:00:00 UTC,0.142857,4353.520827,0.674817,0.103081,0.020000,0.118539,0.129943
20000110 15:00:00 UTC,20000229 15:00:00 UTC,0.142857,4483.646864,0.082247,0.132533,0.020000,0.118441,0.134355
20000110 15:00:00 UTC,20000331 15:00:00 UTC,0.234127,3271.112536,662.877836,-0.184599,0.020000,0.190847,0.275139
20000110 15:00:00 UTC,20000331 15:00:00 UTC,0.234127,3408.090229,530.338811,-0.143577,0.020000,0.180184,0.249586
20000110 15:00:00 UTC,20000331 15:00:00 UTC,0.234127,3550.803855,397.079815,-0.102555,0.020000,0.169438,0.224568
20000110 15:00:00 UTC,20000331 15:00:00 UTC,0.234127,3699.493609,268.741916,-0.061533,0.020000,0.158877,0.199624
20000110 15:00:00 UTC,20000331 15:00:00 UTC,0.234127,3854.409740,155.668466,-0.020511,0.020000,0.148968,0.177937
20000110 15:00:00 UTC,20000331 15:00:00 UTC,0.234127,4015.812976,71.484633,0.020511,0.020000,0.140404,0.160500
20000110 15:00:00 UTC,20000331 15:00:00 UTC,0.234127,4183.974966,23.985131,0.061533,0.020000,0.133954,0.150039
20000110 15:00:00 UTC,20000331 15:00:00 UTC,0.234127,4359.178732,5.625145,0.102555,0.020000,0.130092,0.146781
20000110 15:00:00 UTC,20000331 15:00:00 UTC,0.234127,4541.719148,0.945345,0.143577,0.020000,0.128735,0.149282
20000110 15:00:00 UTC,20000331 15:00:00 UTC,0.234127,4731.903435,0.122877,0.184599,0.020000,0.129381,0.156527
20000111 15:00:00 UTC,20000131 15:00:00 UTC,0.055556,3608.313164,283.131917,-0.075436,0.020000,0.148324,0.184281
20000111 15:00:00 UTC,20000131 15:00:00 UTC,0.055556,3669.310932,223.504895,-0.058672,0.020000,0.141943,0.170239
20000111 15:00:00 UTC,20000131 15:00:00 UTC,0.055556,3731.339853,164.934148,-0.041909,0.020000,0.135639,0.156627
20000111 15:00:00 UTC,20000131 15:00:00 UTC,0.055556,3794.417360,110.025486,-0.025145,0.020000,0.129543,0.143840
20000111 15:00:00 UTC,20000131 15:00:00 UTC,0.055556,3858.561180,63.133808,-0.008382,0.020000,0.123834,0.132413
20000111 15:00:00 UTC,20000131 15:00:00 UTC,0.055556,3923.789336,29.159473,0.008382,0.020000,0.118738,0.122918
20000111 15:00:00 UTC,20000131 15:00:00 UTC,0.055556,3990.120161,10.058996,0.025145,0.020000,0.114491,0.115998
20000111 15:00:00 UTC,20000131 15:00:00 UTC,0.055556,4057.572295,2.431973,0.041909,0.020000,0.111280,0.111915
20000111 15:00:00 UTC,20000131 15:00:00 UTC,0.055556,4126.164692,0.399902,0.058672,0.020000,0.109182,0.110618
20000111 15:00:00 UTC,20000131 15:00:00 UTC,0.055556,4195.916629,0.045325,0.075436,0.020000,0.108149,0.111759
20000111 15:00:00 UTC,20000229 15:00:00 UTC,0.138889,3421.821084,476.068321,-0.130170,0.020000,0.169851,0.230880
20000111 15:00:00 UTC,20000229 15:00:00 UTC,0.138889,3522.248384,378.435944,-0.101243,0.020000,0.161126,0.210658
20000111 15:00:00 UTC,20000229 15:00:00 UTC,0.138889,3625.623133,281.406518,-0.072317,0.020000,0.152401,0.190647
20000111 15:00:00 UTC,20000229 15:00:00 UTC,0.138889,3732.031836,189.154573,-0.043390,0.020000,0.143884,0.171561
20000111 15:00:00 UTC,20000229 15:00:00 UTC,0.138889,3841.563536,109.026444,-0.014463,0.020000,0.135909,0.154633
20000111 15:00:00 UTC,20000229 15:00:00 UTC,0.138889,3954.309891,50.105223,0.014463,0.020000,0.128937,0.141038
20000111 15:00:00 UTC,20000229 15:00:00 UTC,0.138889,4070.365248,16.950680,0.043390,0.020000,0.123467,0.132014
20000111 15:00:00 UTC,20000229 15:00:00 UTC,0.138889,4189.826722,3.997372,0.072317,0.020000,0.119845,0.128132
20000111 15:00:00 UTC,20000229 15:00:00 UTC,0.138889,4312.794281,0.658081,0.101243,0.020000,0.118097,0.129076
20000111 15:00:00 UTC,20000229 15:00:00 UTC,0.138889,4439.370825,0.079972,0.130170,0.020000,0.117962,0.133435
20000111 15:00:00 UTC,20000331 15:00:00 UTC,0.230159,3253.635124,650.763085,-0.182395,0.020000,0.190018,0.273445
20000111 15:00:00 UTC,20000331 15:00:00 UTC,0.230159,3388.221526,520.514362,-0.141863,0.020000,0.179427,0.247588
20000111 15:00:00 UTC,20000331 15:00:00 UTC,0.230159,3528.375085,389.619636,-0.101331,0.020000,0.168757,0.222873
20000111 15:00:00 UTC,20000331 15:00:00 UTC,0.230159,3674.326087,263.622242,-0.060798,0.020000,0.158272,0.198913
20000111 15:00:00 UTC,20000331 15:00:00 UTC,0.230159,3826.314343,152.671327,-0.020266,0.020000,0.148437,0.176834
20000111 15:00:00 UTC,20000331 15:00:00 UTC,0.230159,3984.589583,70.106629,0.020266,0.020000,0.139933,0.159805
20000111 15:00:00 UTC,20000331 15:00:00 UTC,0.230159,4149.411868,23.527345,0.060798,0.020000,0.133519,0.149310
20000111 15:00:00 UTC,20000331 15:00:00 UTC,0.230159,4321.052015,5.517866,0.101331,0.020000,0.129665,0.145924
20000111 15:00:00 UTC,20000331 15:00:00 UTC,0.230159,4499.792046,0.926571,0.141863,0.020000,0.128294,0.148555
20000111 15:00:00 UTC,20000331 15:00:00 UTC,0.230159,4685.925647,0.120203,0.182395,0.020000,0.128910,0.155685
20000112 15:00:00 UTC,20000131 15:00:00 UTC,0.051587,3620.044640,272.089627,-0.072370,0.020000,0.147136,0.181925
20000112 15:00:00 UTC,20000131 15:00:00 UTC,0.051587,3678.733528,214.700122,-0.056288,0.020000,0.140903,0.168174
20000112 15:00:00 UTC,20000131 15:00:00 UTC,0.051587,3738.373893,158.364083,-0.040205,0.020000,0.134751,0.154879
20000112 15:00:00 UTC,20000131 15:00:00 UTC,0.051587,3798.981159,105.594342,-0.024123,0.020000,0.128805,0.142372
20000112 15:00:00 UTC,20000131 15:00:00 UTC,0.051587,3860.571003,60.577104,-0.008041,0.020000,0.123236,0.131264
20000112 15:00:00 UTC,20000131 15:00:00 UTC,0.051587,3923.159353,27.991309,0.008041,0.020000,0.118256,0.122050
20000112 15:00:00 UTC,20000131 15:00:00 UTC,0.051587,3986.762398,9.672027,0.024123,0.020000,0.114088,0.115267
20000112 15:00:00 UTC,20000131 15:00:00 UTC,0.051587,4051.396589,2.344249,0.040205,0.020000,0.110911,0.111173
20000112 15:00:00 UTC,20000131 15:00:00 UTC,0.051587,4117.078642,0.386018,0.056288,0.020000,0.108801,0.109745
20000112 15:00:00 UTC,20000131 15:00:00 UTC,0.051587,4183.825545,0.043644,0.072370,0.020000,0.107718,0.110724
20000112 15:00:00 UTC,20000229 15:00:00 UTC,0.134921,3430.579526,468.025652,-0.127794,0.020000,0.168916,0.229177
20000112 15:00:00 UTC,20000229 15:00:00 UTC,0.134921,3529.399683,371.934441,-0.099395,0.020000,0.160283,0.209280
20000112 15:00:00 UTC,20000229 15:00:00 UTC,0.134921,3631.066422,276.485348,-0.070996,0.020000,0.151654,0.189082
20000112 15:00:00 UTC,20000229 15:00:00 UTC,0.134921,3735.661739,185.788717,-0.042598,0.020000,0.143234,0.170279
20000112 15:00:00 UTC,20000229 15:00:00 UTC,0.134921,3843.269995,107.064391,-0.014199,0.020000,0.135350,0.153657
20000112 15:00:00 UTC,20000229 15:00:00 UTC,0.134921,3953.977979,49.208905,0.014199,0.020000,0.128453,0.140234
20000112 15:00:00 UTC,20000229 15:00:00 UTC,0.134921,4067.874981,16.656747,0.042598,0.020000,0.123030,0.131296
20000112 15:00:00 UTC,20000229 15:00:00 UTC,0.134921,4185.052864,3.930245,0.070996,0.020000,0.119421,0.127403
20000112 15:00:00 UTC,20000229 15:00:00 UTC,0.134921,4305.606134,0.646582,0.099395,0.020000,0.117656,0.128133
20000112 15:00:00 UTC,20000229 15:00:00 UTC,0.134921,4429.632022,0.078195,0.127794,0.020000,0.117483,0.132512
20000112 15:00:00 UTC,20000331 15:00:00 UTC,0.226190,3261.411288,643.728425,-0.180188,0.020000,0.189184,0.272331
20000112 15:00:00 UTC,20000331 15:00:00 UTC,0.226190,3394.654010,514.756747,-0.140146,0.020000,0.178667,0.247353
20000112 15:00:00 UTC,20000331 15:00:00 UTC,0.226190,3533.340273,385.206333,-0.100105,0.020000,0.168073,0.222182
20000112 15:00:00 UTC,20000331 15:00:00 UTC,0.226190,3677.692468,260.565894,-0.060063,0.020000,0.157666,0.197655
20000112 15:00:00 UTC,20000331 15:00:00 UTC,0.226190,3827.942073,150.870171,-0.020021,0.020000,0.147904,0.175691
20000112 15:00:00 UTC,20000331 15:00:00 UTC,0.226190,3984.330023,69.278040,0.020021,0.020000,0.139461,0.158952
20000112 15:00:00 UTC,20000331 15:00:00 UTC,0.226190,4147.107095,23.254083,0.060063,0.020000,0.133084,0.148531
20000112 15:00:00 UTC,20000331 15:00:00 UTC,0.226190,4316.534313,5.454116,0.100105,0.020000,0.129239,0.145222
20000112 15:00:00 UTC,20000331 15:00:00 UTC,0.226190,4492.883363,0.915012,0.140146,0.020000,0.127852,0.147670
20000112 15:00:00 UTC,20000331 15:00:00 UTC,0.226190,4676.437034,0.118452,0.180188,0.020000,0.128440,0.154807
20000113 15:00:00 UTC,20000131 15:00:00 UTC,0.047619,3629.240137,260.499886,-0.069221,0.020000,0.145920,0.179126
20000113 15:00:00 UTC,20000131 15:00:00 UTC,0.047619,3685.498292,205.468044,-0.053839,0.020000,0.139842,0.165900
20000113 15:00:00 UTC,20000131 15:00:00 UTC,0.047619,3742.628525,151.482285,-0.038456,0.020000,0.133848,0.153046
20000113 15:00:00 UTC,20000131 15:00:00 UTC,0.047619,3800.644355,100.957784,-0.023074,0.020000,0.128058,0.140916
20000113 15:00:00 UTC,20000131 15:00:00 UTC,0.047619,3859.559509,57.903542,-0.007691,0.020000,0.122634,0.130111
20000113 15:00:00 UTC,20000131 15:00:00 UTC,0.047619,3919.387928,26.769765,0.007691,0.020000,0.117775,0.121210
20000113 15:00:00 UTC,20000131 15:00:00 UTC,0.047619,3980.143768,9.265954,0.023074,0.020000,0.113691,0.114491
20000113 15:00:00 UTC,20000131 15:00:00 UTC,0.047619,4041.841407,2.251890,0.038456,0.020000,0.110550,0.110424
20000113 15:00:00 UTC,20000131 15:00:00 UTC,0.047619,4104.495443,0.371510,0.053839,0.020000,0.108429,0.108922
20000113 15:00:00 UTC,20000131 15:00:00 UTC,0.047619,4168.120702,0.041870,0.069221,0.020000,0.107297,0.109675
20000113 15:00:00 UTC,20000229 15:00:00 UTC,0.130952,3436.684379,459.548499,-0.125404,0.020000,0.167974,0.227021
20000113 15:00:00 UTC,20000229 15:00:00 UTC,0.130952,3533.803150,365.090697,-0.097536,0.020000,0.159435,0.207518
20000113 15:00:00 UTC,20000229 15:00:00 UTC,0.130952,3633.666444,271.311893,-0.069669,0.020000,0.150904,0.187700
20000113 15:00:00 UTC,20000229 15:00:00 UTC,0.130952,3736.351819,182.254438,-0.041801,0.020000,0.142582,0.169215
20000113 15:00:00 UTC,20000229 15:00:00 UTC,0.130952,3841.939024,105.006243,-0.013934,0.020000,0.134790,0.152621
20000113 15:00:00 UTC,20000229 15:00:00 UTC,0.130952,3950.510065,48.268741,0.013934,0.020000,0.127968,0.139290
20000113 15:00:00 UTC,20000229 15:00:00 UTC,0.130952,4062.149262,16.348047,0.041801,0.020000,0.122594,0.130495
20000113 15:00:00 UTC,20000229 15:00:00 UTC,0.130952,4176.943320,3.859628,0.069669,0.020000,0.118998,0.126695
20000113 15:00:00 UTC,20000229 15:00:00 UTC,0.130952,4294.981394,0.634524,0.097536,0.020000,0.117215,0.127338
20000113 15:00:00 UTC,20000229 15:00:00 UTC,0.130952,4416.355158,0.076491,0.125404,0.020000,0.117004,0.131390
20000113 15:00:00 UTC,20000331 15:00:00 UTC,0.222222,3266.630441,636.157570,-0.177977,0.020000,0.188348,0.269983
20000113 15:00:00 UTC,20000331 15:00:00 UTC,0.222222,3398.416292,508.572863,-0.138427,0.020000,0.177904,0.245808
20000113 15:00:00 UTC,20000331 15:00:00 UTC,0.222222,3535.518787,380.475797,-0.098876,0.020000,0.167387,0.220858
20000113 15:00:00 UTC,20000331 15:00:00 UTC,0.222222,3678.152416,257.296786,-0.059326,0.020000,0.157059,0.196405
20000113 15:00:00 UTC,20000331 15:00:00 UTC,0.222222,3826.540320,148.946353,-0.019775,0.020000,0.147371,0.174803
20000113 15:00:00 UTC,20000331 15:00:00 UTC,0.222222,3980.914646,68.393350,0.019775,0.020000,0.138988,0.158302
20000113 15:00:00 UTC,20000331 15:00:00 UTC,0.222222,4141.516904,22.962267,0.059326,0.020000,0.132648,0.147848
20000113 15:00:00 UTC,20000331 15:00:00 UTC,0.222222,4308.598348,5.386045,0.098876,0.020000,0.128812,0.144429
20000113 15:00:00 UTC,20000331 15:00:00 UTC,0.222222,4482.420367,0.902771,0.138427,0.020000,0.127410,0.147011
20000113 15:00:00 UTC,20000331 15:00:00 UTC,0.222222,4663.254898,0.116471,0.177977,0.020000,0.127968,0.153784
20000114 15:00:00 UTC,20000131 15:00:00 UTC,0.043651,3647.376591,249.126145,-0.065977,0.020000,0.144672,0.176449
20000114 15:00:00 UTC,20000131 15:00:00 UTC,0.043651,3701.246788,196.411081,-0.051315,0.020000,0.138757,0.163610
20000114 15:00:00 UTC,20000131 15:00:00 UTC,0.043651,3755.912626,144.733267,-0.036654,0.020000,0.132928,0.151178
20000114 15:00:00 UTC,20000131 15:00:00 UTC,0.043651,3811.385854,96.412097,-0.021992,0.020000,0.127301,0.139457
20000114 15:00:00 UTC,20000131 15:00:00 UTC,0.043651,3867.678398,55.283252,-0.007331,0.020000,0.122028,0.129021
20000114 15:00:00 UTC,20000131 15:00:00 UTC,0.043651,3924.802360,25.572189,0.007331,0.020000,0.117296,0.120327
20000114 15:00:00 UTC,20000131 15:00:00 UTC,0.043651,3982.770017,8.868392,0.021992,0.020000,0.113300,0.113814
20000114 15:00:00 UTC,20000131 15:00:00 UTC,0.043651,4041.593833,2.161822,0.036654,0.020000,0.110199,0.109722
20000114 15:00:00 UTC,20000131 15:00:00 UTC,0.043651,4101.286451,0.357486,0.051315,0.020000,0.108068,0.108092
20000114 15:00:00 UTC,20000131 15:00:00 UTC,0.043651,4161.860703,0.040184,0.065977,0.020000,0.106886,0.108650
20000114 15:00:00 UTC,20000229 15:00:00 UTC,0.126984,3450.960173,452.073321,-0.122999,0.020000,0.167027,0.224857
20000114 15:00:00 UTC,20000229 15:00:00 UTC,0.126984,3546.586878,359.045702,-0.095666,0.020000,0.158583,0.205630
20000114 15:00:00 UTC,20000229 15:00:00 UTC,0.126984,3644.863415,266.734021,-0.068333,0.020000,0.150149,0.186205
20000114 15:00:00 UTC,20000229 15:00:00 UTC,0.126984,3745.863211,179.122340,-0.041000,0.020000,0.141926,0.167915
20000114 15:00:00 UTC,20000229 15:00:00 UTC,0.126984,3849.661730,103.180100,-0.013667,0.020000,0.134228,0.151575
20000114 15:00:00 UTC,20000229 15:00:00 UTC,0.126984,3956.336524,47.435595,0.013667,0.020000,0.127484,0.138478
20000114 15:00:00 UTC,20000229 15:00:00 UTC,0.126984,4065.967295,16.075529,0.041000,0.020000,0.122158,0.129788
20000114 15:00:00 UTC,20000229 15:00:00 UTC,0.126984,4178.635953,3.797606,0.068333,0.020000,0.118575,0.125894
20000114 15:00:00 UTC,20000229 15:00:00 UTC,0.126984,4294.426679,0.623922,0.095666,0.020000,0.116775,0.126375
20000114 15:00:00 UTC,20000229 15:00:00 UTC,0.126984,4413.425987,0.074946,0.122999,0.020000,0.116526,0.130350
20000114 15:00:00 UTC,20000331 15:00:00 UTC,0.218254,3279.578481,630.046158,-0.175762,0.020000,0.187508,0.268523
20000114 15:00:00 UTC,20000331 15:00:00 UTC,0.218254,3410.207731,503.557957,-0.136704,0.020000,0.177138,0.244006
20000114 15:00:00 UTC,20000331 15:00:00 UTC,0.218254,3546.040089,376.621980,-0.097646,0.020000,0.166699,0.219519
20000114 15:00:00 UTC,20000331 15:00:00 UTC,0.218254,3687.282800,254.621191,-0.058587,0.020000,0.156450,0.195296
20000114 15:00:00 UTC,20000331 15:00:00 UTC,0.218254,3834.151366,147.367288,-0.019529,0.020000,0.146836,0.173896
20000114 15:00:00 UTC,20000331 15:00:00 UTC,0.218254,3986.869869,67.667495,0.019529,0.020000,0.138515,0.157437
20000114 15:00:00 UTC,20000331 15:00:00 UTC,0.218254,4145.671320,22.723514,0.058587,0.020000,0.132213,0.147148
20000114 15:00:00 UTC,20000331 15:00:00 UTC,0.218254,4310.798008,5.330438,0.097646,0.020000,0.128385,0.143624
20000114 15:00:00 UTC,20000331 15:00:00 UTC,0.218254,4482.501877,0.892710,0.136704,0.020000,0.126967,0.146116
20000114 15:00:00 UTC,20000331 15:00:00 UTC,0.218254,4661.044900,0.114857,0.175762,0.020000,0.127496,0.152895
20000117 15:00:00 UTC,20000131 15:00:00 UTC,0.039683,3687.244028,238.642816,-0.062623,0.020000,0.143387,0.173635
20000117 15:00:00 UTC,20000131 15:00:00 UTC,0.039683,3738.915245,188.060125,-0.048707,0.020000,0.137642,0.161236
20000117 15:00:00 UTC,20000131 15:00:00 UTC,0.039683,3791.310556,138.507710,-0.034791,0.020000,0.131988,0.149227
20000117 15:00:00 UTC,20000131 15:00:00 UTC,0.039683,3844.440110,92.217623,-0.020874,0.020000,0.126532,0.137951
20000117 15:00:00 UTC,20000131 15:00:00 UTC,0.039683,3898.314195,52.865267,-0.006958,0.020000,0.121418,0.127842
20000117 15:00:00 UTC,20000131 15:00:00 UTC,0.039683,3952.943245,24.468858,0.006958,0.020000,0.116820,0.119465
20000117 15:00:00 UTC,20000131 15:00:00 UTC,0.039683,4008.337839,8.503222,0.020874,0.020000,0.112917,0.113086
20000117 15:00:00 UTC,20000131 15:00:00 UTC,0.039683,4064.508706,2.079619,0.034791,0.020000,0.109859,0.109002
20000117 15:00:00 UTC,20000131 15:00:00 UTC,0.039683,4121.466723,0.344748,0.048707,0.020000,0.107721,0.107271
20000117 15:00:00 UTC,20000131 15:00:00 UTC,0.039683,4179.222922,0.038790,0.062623,0.020000,0.106487,0.107624
20000117 15:00:00 UTC,20000229 15:00:00 UTC,0.123016,3485.423373,447.070694,-0.120579,0.020000,0.166072,0.223191
20000117 15:00:00 UTC,20000229 15:00:00 UTC,0.123016,3580.079320,354.966256,-0.093784,0.020000,0.157724,0.203621
20000117 15:00:00 UTC,20000229 15:00:00 UTC,0.123016,3677.305902,263.618095,-0.066989,0.020000,0.149391,0.184599
20000117 15:00:00 UTC,20000229 15:00:00 UTC,0.123016,3777.172930,176.972988,-0.040193,0.020000,0.141269,0.166660
20000117 15:00:00 UTC,20000229 15:00:00 UTC,0.123016,3879.752113,101.920925,-0.013398,0.020000,0.133665,0.150505
20000117 15:00:00 UTC,20000229 15:00:00 UTC,0.123016,3985.117107,46.862983,0.013398,0.020000,0.126998,0.137638
20000117 15:00:00 UTC,20000229 15:00:00 UTC,0.123016,4093.343568,15.891561,0.040193,0.020000,0.121722,0.128974
20000117 15:00:00 UTC,20000229 15:00:00 UTC,0.123016,4204.509206,3.756703,0.066989,0.020000,0.118154,0.125110
20000117 15:00:00 UTC,20000229 15:00:00 UTC,0.123016,4318.693843,0.616822,0.093784,0.020000,0.116336,0.125590
20000117 15:00:00 UTC,20000229 15:00:00 UTC,0.123016,4435.979467,0.073826,0.120579,0.020000,0.116047,0.129370
20000117 15:00:00 UTC,20000331 15:00:00 UTC,0.214286,3311.665484,627.494306,-0.173543,0.020000,0.186664,0.267032
20000117 15:00:00 UTC,20000331 15:00:00 UTC,0.214286,3441.874977,501.389375,-0.134978,0.020000,0.176370,0.242190
20000117 15:00:00 UTC,20000331 15:00:00 UTC,0.214286,3577.204102,374.897536,-0.096413,0.020000,0.166009,0.217769
20000117 15:00:00 UTC,20000331 15:00:00 UTC,0.214286,3717.854156,253.386740,-0.057848,0.020000,0.155839,0.194301
20000117 15:00:00 UTC,20000331 15:00:00 UTC,0.214286,3864.034349,146.622167,-0.019283,0.020000,0.146300,0.173180
20000117 15:00:00 UTC,20000331 15:00:00 UTC,0.214286,4015.962119,67.325083,0.019283,0.020000,0.138041,0.156441
20000117 15:00:00 UTC,20000331 15:00:00 UTC,0.214286,4173.863450,22.614283,0.057848,0.020000,0.131777,0.146410
20000117 15:00:00 UTC,20000331 15:00:00 UTC,0.214286,4337.973213,5.305189,0.096413,0.020000,0.127957,0.142877
20000117 15:00:00 UTC,20000331 15:00:00 UTC,0.214286,4508.535515,0.887652,0.134978,0.020000,0.126525,0.145301
20000117 15:00:00 UTC,20000331 15:00:00 UTC,0.214286,4685.804060,0.113990,0.173543,0.020000,0.127024,0.151979
20000118 15:00:00 UTC,20000131 15:00:00 UTC,0.035714,3666.901953,223.732585,-0.059140,0.020000,0.142057,0.170803
20000118 15:00:00 UTC,20000131 15:00:00 UTC,0.035714,3715.411167,176.226120,-0.045998,0.020000,0.136495,0.158741
20000118 15:00:00 UTC,20000131 15:00:00 UTC,0.035714,3764.562106,129.721375,-0.032855,0.020000,0.131025,0.147178
20000118 15:00:00 UTC,20000131 15:00:00 UTC,0.035714,3814.363260,86.320644,-0.019713,0.020000,0.125750,0.136393
20000118 15:00:00 UTC,20000131 15:00:00 UTC,0.035714,3864.823229,49.472278,-0.006571,0.020000,0.120803,0.126678
20000118 15:00:00 UTC,20000131 15:00:00 UTC,0.035714,3915.950731,22.913598,0.006571,0.020000,0.116346,0.118559
20000118 15:00:00 UTC,20000131 15:00:00 UTC,0.035714,3967.754595,7.980611,0.019713,0.020000,0.112543,0.112360
20000118 15:00:00 UTC,20000131 15:00:00 UTC,0.035714,4020.243769,1.959185,0.032855,0.020000,0.109533,0.108328
20000118 15:00:00 UTC,20000131 15:00:00 UTC,0.035714,4073.427319,0.325819,0.045998,0.020000,0.107390,0.106472
20000118 15:00:00 UTC,20000131 15:00:00 UTC,0.035714,4127.314431,0.036702,0.059140,0.020000,0.106105,0.106620
20000118 15:00:00 UTC,20000229 15:00:00 UTC,0.119048,3462.568775,434.641605,-0.118143,0.020000,0.165111,0.221001
20000118 15:00:00 UTC,20000229 15:00:00 UTC,0.119048,3554.678876,344.993417,-0.091889,0.020000,0.156860,0.201949
20000118 15:00:00 UTC,20000229 15:00:00 UTC,0.119048,3649.239259,256.127771,-0.065635,0.020000,0.148629,0.183277
20000118 15:00:00 UTC,20000229 15:00:00 UTC,0.119048,3746.315106,171.888559,-0.039381,0.020000,0.140608,0.165452
20000118 15:00:00 UTC,20000229 15:00:00 UTC,0.119048,3845.973332,98.972087,-0.013127,0.020000,0.133100,0.149450
20000118 15:00:00 UTC,20000229 15:00:00 UTC,0.119048,3948.282633,45.513884,0.013127,0.020000,0.126513,0.136782
20000118 15:00:00 UTC,20000229 15:00:00 UTC,0.119048,4053.313533,15.444463,0.039381,0.020000,0.121287,0.128254
20000118 15:00:00 UTC,20000229 15:00:00 UTC,0.119048,4161.138429,3.653655,0.065635,0.020000,0.117733,0.124373
20000118 15:00:00 UTC,20000229 15:00:00 UTC,0.119048,4271.831647,0.599633,0.091889,0.020000,0.115897,0.124672
20000118 15:00:00 UTC,20000229 15:00:00 UTC,0.119048,4385.469489,0.071624,0.118143,0.020000,0.115570,0.128386
20000118 15:00:00 UTC,20000331 15:00:00 UTC,0.210317,3289.250327,614.590605,-0.171319,0.020000,0.185817,0.264716
20000118 15:00:00 UTC,20000331 15:00:00 UTC,0.210317,3416.889587,490.951851,-0.133248,0.020000,0.175598,0.241120
20000118 15:00:00 UTC,20000331 15:00:00 UTC,0.210317,3549.481884,366.992684,-0.095177,0.020000,0.165317,0.216471
20000118 15:00:00 UTC,20000331 15:00:00 UTC,0.210317,3687.219422,247.975735,-0.057106,0.020000,0.155226,0.193090
20000118 15:00:00 UTC,20000331 15:00:00 UTC,0.210317,3830.301861,143.461528,-0.019035,0.020000,0.145764,0.171990
20000118 15:00:00 UTC,20000331 15:00:00 UTC,0.210317,3978.936609,65.873610,0.019035,0.020000,0.137567,0.155654
20000118 15:00:00 UTC,20000331 15:00:00 UTC,0.210317,4133.339125,22.131977,0.057106,0.020000,0.131340,0.145606
20000118 15:00:00 UTC,20000331 15:00:00 UTC,0.210317,4293.733225,5.192600,0.095177,0.020000,0.127530,0.142135
20000118 15:00:00 UTC,20000331 15:00:00 UTC,0.210317,4460.351414,0.868057,0.133248,0.020000,0.126082,0.144460
20000118 15:00:00 UTC,20000331 15:00:00 UTC,0.210317,4633.435216,0.111115,0.171319,0.020000,0.126551,0.150992
20000119 15:00:00 UTC,20000131 15:00:00 UTC,0.031746,3661.310703,209.268998,-0.055503,0.020000,0.140675,0.167877
20000119 15:00:00 UTC,20000131 15:00:00 UTC,0.031746,3706.749049,164.750924,-0.043169,0.020000,0.135306,0.156312
20000119 15:00:00 UTC,20000131 15:00:00 UTC,0.031746,3752.751302,121.204796,-0.030835,0.020000,0.130033,0.145189
20000119 15:00:00 UTC,20000131 15:00:00 UTC,0.031746,3799.324462,80.607037,-0.018501,0.020000,0.124951,0.134832
20000119 15:00:00 UTC,20000131 15:00:00 UTC,0.031746,3846.475613,46.185920,-0.006167,0.020000,0.120183,0.125540
20000119 15:00:00 UTC,20000131 15:00:00 UTC,0.031746,3894.211930,21.407091,0.006167,0.020000,0.115875,0.117701
20000119 15:00:00 UTC,20000131 15:00:00 UTC,0.031746,3942.540673,7.474722,0.018501,0.020000,0.112180,0.111665
20000119 15:00:00 UTC,20000131 15:00:00 UTC,0.031746,3991.469196,1.842718,0.030835,0.020000,0.109224,0.107655
20000119 15:00:00 UTC,20000131 15:00:00 UTC,0.031746,4041.004941,0.307711,0.043169,0.020000,0.107079,0.105687
20000119 15:00:00 UTC,20000131 15:00:00 UTC,0.031746,4091.155445,0.034615,0.055503,0.020000,0.105743,0.105630
20000119 15:00:00 UTC,20000229 15:00:00 UTC,0.115079,3453.203025,423.947033,-0.115689,0.020000,0.164142,0.218577
20000119 15:00:00 UTC,20000229 15:00:00 UTC,0.115079,3543.131104,336.402026,-0.089980,0.020000,0.155991,0.200149
20000119 15:00:00 UTC,20000229 15:00:00 UTC,0.115079,3635.401085,249.666743,-0.064272,0.020000,0.147862,0.181535
20000119 15:00:00 UTC,20000229 15:00:00 UTC,0.115079,3730.073954,167.496999,-0.038563,0.020000,0.139945,0.164161
20000119 15:00:00 UTC,20000229 15:00:00 UTC,0.115079,3827.212288,96.423681,-0.012854,0.020000,0.132534,0.148525
20000119 15:00:00 UTC,20000229 15:00:00 UTC,0.115079,3926.880291,44.349006,0.012854,0.020000,0.126027,0.136029
20000119 15:00:00 UTC,20000229 15:00:00 UTC,0.115079,4029.143842,15.059422,0.038563,0.020000,0.120852,0.127376
20000119 15:00:00 UTC,20000229 15:00:00 UTC,0.115079,4134.070533,3.565136,0.064272,0.020000,0.117313,0.123551
20000119 15:00:00 UTC,20000229 15:00:00 UTC,0.115079,4241.729718,0.584771,0.089980,0.020000,0.115460,0.123806
20000119 15:00:00 UTC,20000229 15:00:00 UTC,0.115079,4352.192557,0.069607,0.115689,0.020000,0.115093,0.127346
20000119 15:00:00 UTC,20000331 15:00:00 UTC,0.206349,3279.612863,604.158273,-0.169091,0.020000,0.184966,0.264020
20000119 15:00:00 UTC,20000331 15:00:00 UTC,0.206349,3405.191444,482.492947,-0.131515,0.020000,0.174824,0.238893
20000119 15:00:00 UTC,20000331 15:00:00 UTC,0.206349,3535.578514,360.570088,-0.093939,0.020000,0.164622,0.215326
20000119 15:00:00 UTC,20000331 15:00:00 UTC,0.206349,3670.958192,243.568927,-0.056364,0.020000,0.154612,0.191862
20000119 15:00:00 UTC,20000331 15:00:00 UTC,0.206349,3811.521649,140.882710,-0.018788,0.020000,0.145226,0.171438
20000119 15:00:00 UTC,20000331 15:00:00 UTC,0.206349,3957.467375,64.689714,0.018788,0.020000,0.137092,0.155017
20000119 15:00:00 UTC,20000331 15:00:00 UTC,0.206349,4109.001461,21.740038,0.056364,0.020000,0.130904,0.144943
20000119 15:00:00 UTC,20000331 15:00:00 UTC,0.206349,4266.337889,5.101168,0.093939,0.020000,0.127103,0.141372
20000119 15:00:00 UTC,20000331 15:00:00 UTC,0.206349,4429.698835,0.851975,0.131515,0.020000,0.125639,0.143604
20000119 15:00:00 UTC,20000331 15:00:00 UTC,0.206349,4599.314981,0.108685,0.169091,0.020000,0.126077,0.150117
20000120 15:00:00 UTC,20000131 15:00:00 UTC,0.027778,3697.223064,196.384761,-0.051680,0.020000,0.139227,0.164702
20000120 15:00:00 UTC,20000131 15:00:00 UTC,0.027778,3739.928338,154.525334,-0.040196,0.020000,0.134068,0.153692
20000120 15:00:00 UTC,20000131 15:00:00 UTC,0.027778,3783.126884,113.612206,-0.028711,0.020000,0.129008,0.143099
20000120 15:00:00 UTC,20000131 15:00:00 UTC,0.027778,3826.824401,75.511352,-0.017227,0.020000,0.124132,0.133234
20000120 15:00:00 UTC,20000131 15:00:00 UTC,0.027778,3871.026652,43.254398,-0.005742,0.020000,0.119556,0.124375
20000120 15:00:00 UTC,20000131 15:00:00 UTC,0.027778,3915.739467,20.065137,0.005742,0.020000,0.115410,0.116844
20000120 15:00:00 UTC,20000131 15:00:00 UTC,0.027778,3960.968743,7.025689,0.017227,0.020000,0.111832,0.111005
20000120 15:00:00 UTC,20000131 15:00:00 UTC,0.027778,4006.720447,1.740394,0.028711,0.020000,0.108937,0.107030
20000120 15:00:00 UTC,20000131 15:00:00 UTC,0.027778,4053.000611,0.292038,0.040196,0.020000,0.106793,0.104940
20000120 15:00:00 UTC,20000131 15:00:00 UTC,0.027778,4099.815341,0.032820,0.051680,0.020000,0.105407,0.104648
20000120 15:00:00 UTC,20000229 15:00:00 UTC,0.111111,3482.369889,417.877018,-0.113216,0.020000,0.163165,0.216806
20000120 15:00:00 UTC,20000229 15:00:00 UTC,0.111111,3571.094322,331.483123,-0.088057,0.020000,0.155115,0.198405
20000120 15:00:00 UTC,20000229 15:00:00 UTC,0.111111,3662.079291,245.933310,-0.062898,0.020000,0.147091,0.180209
20000120 15:00:00 UTC,20000229 15:00:00 UTC,0.111111,3755.382392,164.937394,-0.037739,0.020000,0.139279,0.162833
20000120 15:00:00 UTC,20000229 15:00:00 UTC,0.111111,3851.062686,94.930096,-0.012580,0.020000,0.131967,0.147365
20000120 15:00:00 UTC,20000229 15:00:00 UTC,0.111111,3949.180739,43.669707,0.012580,0.020000,0.125541,0.134999
20000120 15:00:00 UTC,20000229 15:00:00 UTC,0.111111,4049.798661,14.839450,0.037739,0.020000,0.120418,0.126648
20000120 15:00:00 UTC,20000229 15:00:00 UTC,0.111111,4152.980144,3.516032,0.062898,0.020000,0.116895,0.122743
20000120 15:00:00 UTC,20000229 15:00:00 UTC,0.111111,4258.790503,0.576398,0.088057,0.020000,0.115024,0.122886
20000120 15:00:00 UTC,20000229 15:00:00 UTC,0.111111,4367.296717,0.068373,0.113216,0.020000,0.114616,0.126339
20000120 15:00:00 UTC,20000331 15:00:00 UTC,0.202381,3306.520589,600.411752,-0.166858,0.020000,0.184112,0.261154
20000120 15:00:00 UTC,20000331 15:00:00 UTC,0.202381,3431.425998,479.375801,-0.129778,0.020000,0.174046,0.237736
20000120 15:00:00 UTC,20000331 15:00:00 UTC,0.202381,3561.049770,358.141302,-0.092699,0.020000,0.163924,0.213603
20000120 15:00:00 UTC,20000331 15:00:00 UTC,0.202381,3695.570142,241.861189,-0.055619,0.020000,0.153996,0.190849
20000120 15:00:00 UTC,20000331 15:00:00 UTC,0.202381,3835.172086,139.866153,-0.018540,0.020000,0.144687,0.170380
20000120 15:00:00 UTC,20000331 15:00:00 UTC,0.202381,3980.047561,64.223209,0.018540,0.020000,0.136617,0.154044
20000120 15:00:00 UTC,20000331 15:00:00 UTC,0.202381,4130.395777,21.589050,0.055619,0.020000,0.130467,0.144056
20000120 15:00:00 UTC,20000331 15:00:00 UTC,0.202381,4286.423469,5.066443,0.092699,0.020000,0.126675,0.140550
20000120 15:00:00 UTC,20000331 15:00:00 UTC,0.202381,4448.345182,0.845437,0.129778,0.020000,0.125195,0.142790
20000120 15:00:00 UTC,20000331 15:00:00 UTC,0.202381,4616.383567,0.107564,0.166858,0.020000,0.125603,0.149078
20000121 15:00:00 UTC,20000131 15:00:00 UTC,0.023810,3720.316748,181.732519,-0.047625,0.020000,0.137697,0.161406
20000121 15:00:00 UTC,20000131 15:00:00 UTC,0.023810,3759.899376,142.914670,-0.037042,0.020000,0.132768,0.150970
20000121 15:00:00 UTC,20000131 15:00:00 UTC,0.023810,3799.903147,105.006254,-0.026458,0.020000,0.127938,0.140963
20000121 15:00:00 UTC,20000131 15:00:00 UTC,0.023810,3840.332541,69.745222,-0.015875,0.020000,0.123288,0.131590
20000121 15:00:00 UTC,20000131 15:00:00 UTC,0.023810,3881.192087,39.940885,-0.005292,0.020000,0.118920,0.123164
20000121 15:00:00 UTC,20000131 15:00:00 UTC,0.023810,3922.486362,18.545500,0.005292,0.020000,0.114950,0.116006
20000121 15:00:00 UTC,20000131 15:00:00 UTC,0.023810,3964.219990,6.514216,0.015875,0.020000,0.111502,0.110368
20000121 15:00:00 UTC,20000131 15:00:00 UTC,0.023810,4006.397648,1.622654,0.026458,0.020000,0.108677,0.106426
20000121 15:00:00 UTC,20000131 15:00:00 UTC,0.023810,4049.024058,0.274011,0.037042,0.020000,0.106541,0.104238
20000121 15:00:00 UTC,20000131 15:00:00 UTC,0.023810,4092.103995,0.030935,0.047625,0.020000,0.105105,0.103714
20000121 15:00:00 UTC,20000229 15:00:00 UTC,0.107143,3498.655310,410.078344,-0.110722,0.020000,0.162180,0.214677
20000121 15:00:00 UTC,20000229 15:00:00 UTC,0.107143,3585.807123,325.195162,-0.086117,0.020000,0.154232,0.196470
20000121 15:00:00 UTC,20000229 15:00:00 UTC,0.107143,3675.129896,241.186253,-0.061512,0.020000,0.146315,0.178375
20000121 15:00:00 UTC,20000229 15:00:00 UTC,0.107143,3766.677708,161.699085,-0.036907,0.020000,0.138610,0.161403
20000121 15:00:00 UTC,20000229 15:00:00 UTC,0.107143,3860.505983,93.046863,-0.012302,0.020000,0.131398,0.146357
20000121 15:00:00 UTC,20000229 15:00:00 UTC,0.107143,3956.671529,42.810884,0.012302,0.020000,0.125055,0.134177
20000121 15:00:00 UTC,20000229 15:00:00 UTC,0.107143,4055.232567,14.558572,0.036907,0.020000,0.119985,0.125949
20000121 15:00:00 UTC,20000229 15:00:00 UTC,0.107143,4156.248770,3.452549,0.061512,0.020000,0.116478,0.121937
20000121 15:00:00 UTC,20000229 15:00:00 UTC,0.107143,4259.781295,0.565680,0.086117,0.020000,0.114590,0.122000
20000121 15:00:00 UTC,20000229 15:00:00 UTC,0.107143,4365.892824,0.066880,0.110722,0.020000,0.114141,0.125321
20000121 15:00:00 UTC,20000331 15:00:00 UTC,0.198413,3321.136909,594.321771,-0.164619,0.020000,0.183253,0.259100
20000121 15:00:00 UTC,20000331 15:00:00 UTC,0.198413,3444.880280,474.388984,-0.128037,0.020000,0.173266,0.235720
20000121 15:00:00 UTC,20000331 15:00:00 UTC,0.198413,3573.234247,354.317017,-0.091455,0.020000,0.163225,0.212581
20000121 15:00:00 UTC,20000331 15:00:00 UTC,0.198413,3706.370599,239.212127,-0.054873,0.020000,0.153378,0.189845
20000121 15:00:00 UTC,20000331 15:00:00 UTC,0.198413,3844.467523,138.305907,-0.018291,0.020000,0.144147,0.169140
20000121 15:00:00 UTC,20000331 15:00:00 UTC,0.198413,3987.709848,63.507199,0.018291,0.020000,0.136141,0.153184
20000121 15:00:00 UTC,20000331 15:00:00 UTC,0.198413,4136.289287,21.354512,0.054873,0.020000,0.130030,0.143499
20000121 15:00:00 UTC,20000331 15:00:00 UTC,0.198413,4290.404698,5.012215,0.091455,0.020000,0.126247,0.139906
20000121 15:00:00 UTC,20000331 15:00:00 UTC,0.198413,4450.262348,0.835593,0.128037,0.020000,0.124752,0.141900
20000121 15:00:00 UTC,20000331 15:00:00 UTC,0.198413,4616.076188,0.106128,0.164619,0.020000,0.125128,0.148286
20000124 15:00:00 UTC,20000229 15:00:00 UTC,0.103175,3505.172134,401.008763,-0.108207,0.020000,0.161186,0.212431
20000124 15:00:00 UTC,20000229 15:00:00 UTC,0.103175,3590.478663,317.902227,-0.084161,0.020000,0.153343,0.194614
20000124 15:00:00 UTC,20000229 15:00:00 UTC,0.103175,3677.861326,235.695969,-0.060115,0.020000,0.145534,0.176893
20000124 15:00:00 UTC,20000229 15:00:00 UTC,0.103175,3767.370650,157.963838,-0.036069,0.020000,0.137937,0.160303
20000124 15:00:00 UTC,20000229 15:00:00 UTC,0.103175,3859.058391,90.878310,-0.012023,0.020000,0.130827,0.145395
20000124 15:00:00 UTC,20000229 15:00:00 UTC,0.103175,3952.977567,41.821202,0.012023,0.020000,0.124569,0.133398
20000124 15:00:00 UTC,20000229 15:00:00 UTC,0.103175,4049.182485,14.233535,0.036069,0.020000,0.119552,0.125103
20000124 15:00:00 UTC,20000229 15:00:00 UTC,0.103175,4147.728774,3.378525,0.060115,0.020000,0.116062,0.121131
20000124 15:00:00 UTC,20000229 15:00:00 UTC,0.103175,4248.673416,0.553422,0.084161,0.020000,0.114157,0.121142
20000124 15:00:00 UTC,20000229 15:00:00 UTC,0.103175,4352.074782,0.065223,0.108207,0.020000,0.113666,0.124252
20000124 15:00:00 UTC,20000331 15:00:00 UTC,0.194444,3326.420468,586.506066,-0.162375,0.020000,0.182391,0.257796
20000124 15:00:00 UTC,20000331 15:00:00 UTC,0.194444,3448.640422,468.027238,-0.126291,0.020000,0.172482,0.233933
20000124 15:00:00 UTC,20000331 15:00:00 UTC,0.194444,3575.351004,349.467508,-0.090208,0.020000,0.162522,0.210561
20000124 15:00:00 UTC,20000331 15:00:00 UTC,0.194444,3706.717210,235.872033,-0.054125,0.020000,0.152759,0.188456
20000124 15:00:00 UTC,20000331 15:00:00 UTC,0.194444,3842.910098,136.346132,-0.018042,0.020000,0.143606,0.168528
20000124 15:00:00 UTC,20000331 15:00:00 UTC,0.194444,3984.107009,62.608594,0.018042,0.020000,0.135664,0.152507
20000124 15:00:00 UTC,20000331 15:00:00 UTC,0.194444,4130.491804,21.058544,0.054125,0.020000,0.129593,0.142581
20000124 15:00:00 UTC,20000331 15:00:00 UTC,0.194444,4282.255095,4.943533,0.090208,0.020000,0.125820,0.139043
20000124 15:00:00 UTC,20000331 15:00:00 UTC,0.194444,4439.594502,0.823342,0.126291,0.020000,0.124308,0.141069
20000124 15:00:00 UTC,20000331 15:00:00 UTC,0.194444,4602.714902,0.104242,0.162375,0.020000,0.124653,0.147158
20000124 15:00:00 UTC,20000428 15:00:00 UTC,0.273810,3187.995102,730.348419,-0.206467,0.020000,0.198975,0.292276
20000124 15:00:00 UTC,20000428 15:00:00 UTC,0.273810,3337.672471,585.773114,-0.160585,0.020000,0.187614,0.264993
20000124 15:00:00 UTC,20000428 15:00:00 UTC,0.273810,3494.377239,439.735966,-0.114704,0.020000,0.176139,0.237613
20000124 15:00:00 UTC,20000428 15:00:00 UTC,0.273810,3658.439345,298.393898,-0.068822,0.020000,0.164838,0.210853
20000124 15:00:00 UTC,20000428 15:00:00 UTC,0.273810,3830.204219,173.204064,-0.022941,0.020000,0.154226,0.187043
20000124 15:00:00 UTC,20000428 15:00:00 UTC,0.273810,4010.033507,79.572596,0.022941,0.020000,0.145085,0.168643
20000124 15:00:00 UTC,20000428 15:00:00 UTC,0.273810,4198.305837,26.658825,0.068822,0.020000,0.138283,0.157251
20000124 15:00:00 UTC,20000428 15:00:00 UTC,0.273810,4395.417611,6.252921,0.114704,0.020000,0.134341,0.154054
20000124 15:00:00 UTC,20000428 15:00:00 UTC,0.273810,4601.783845,1.060282,0.160585,0.020000,0.133127,0.157724
20000124 15:00:00 UTC,20000428 15:00:00 UTC,0.273810,4817.839038,0.141008,0.206467,0.020000,0.134044,0.165646
20000125 15:00:00 UTC,20000229 15:00:00 UTC,0.099206,3520.178396,392.781410,-0.105667,0.020000,0.160183,0.209891
20000125 15:00:00 UTC,20000229 15:00:00 UTC,0.099206,3603.816156,311.280187,-0.082186,0.020000,0.152447,0.192659
20000125 15:00:00 UTC,20000229 15:00:00 UTC,0.099206,3689.441110,230.705374,-0.058704,0.020000,0.144748,0.175385
20000125 15:00:00 UTC,20000229 15:00:00 UTC,0.099206,3777.100472,154.565407,-0.035222,0.020000,0.137262,0.158921
20000125 15:00:00 UTC,20000229 15:00:00 UTC,0.099206,3866.842578,88.904558,-0.011741,0.020000,0.130255,0.144335
20000125 15:00:00 UTC,20000229 15:00:00 UTC,0.099206,3958.716914,40.921593,0.011741,0.020000,0.124082,0.132421
20000125 15:00:00 UTC,20000229 15:00:00 UTC,0.099206,4052.774141,13.938574,0.035222,0.020000,0.119121,0.124360
20000125 15:00:00 UTC,20000229 15:00:00 UTC,0.099206,4149.066122,3.311780,0.058704,0.020000,0.115648,0.120393
20000125 15:00:00 UTC,20000229 15:00:00 UTC,0.099206,4247.645955,0.542365,0.082186,0.020000,0.113725,0.120276
20000125 15:00:00 UTC,20000229 15:00:00 UTC,0.099206,4348.567998,0.063750,0.105667,0.020000,0.113193,0.123254
20000125 15:00:00 UTC,20000331 15:00:00 UTC,0.190476,3339.695859,580.046499,-0.160125,0.020000,0.181525,0.256452
20000125 15:00:00 UTC,20000331 15:00:00 UTC,0.190476,3460.672826,462.749845,-0.124542,0.020000,0.171695,0.232537
20000125 15:00:00 UTC,20000331 15:00:00 UTC,0.190476,3586.032056,345.429705,-0.088958,0.020000,0.161818,0.209356
20000125 15:00:00 UTC,20000331 15:00:00 UTC,0.190476,3715.932292,233.081146,-0.053375,0.020000,0.152138,0.187439
20000125 15:00:00 UTC,20000331 15:00:00 UTC,0.190476,3850.538027,134.705332,-0.017792,0.020000,0.143064,0.167396
20000125 15:00:00 UTC,20000331 15:00:00 UTC,0.190476,3990.019714,61.856226,0.017792,0.020000,0.135187,0.151727
20000125 15:00:00 UTC,20000331 15:00:00 UTC,0.190476,4134.553977,20.812080,0.053375,0.020000,0.129156,0.141873
20000125 15:00:00 UTC,20000331 15:00:00 UTC,0.190476,4284.323842,4.886541,0.088958,0.020000,0.125392,0.138247
20000125 15:00:00 UTC,20000331 15:00:00 UTC,0.190476,4439.518963,0.813134,0.124542,0.020000,0.123864,0.140226
20000125 15:00:00 UTC,20000331 15:00:00 UTC,0.190476,4600.335864,0.102593,0.160125,0.020000,0.124177,0.146139
20000125 15:00:00 UTC,20000428 15:00:00 UTC,0.269841,3200.479099,724.710573,-0.204291,0.020000,0.198176,0.290225
20000125 15:00:00 UTC,20000428 15:00:00 UTC,0.269841,3349.123221,581.109049,-0.158893,0.020000,0.186882,0.263868
20000125 15:00:00 UTC,20000428 15:00:00 UTC,0.269841,3504.671021,436.122134,-0.113495,0.020000,0.175478,0.236892
20000125 15:00:00 UTC,20000428 15:00:00 UTC,0.269841,3667.443135,295.865048,-0.068097,0.020000,0.164248,0.210216
20000125 15:00:00 UTC,20000428 15:00:00 UTC,0.269841,3837.775092,171.700815,-0.022699,0.020000,0.153705,0.186002
20000125 15:00:00 UTC,20000428 15:00:00 UTC,0.269841,4016.018003,78.876879,0.022699,0.020000,0.144619,0.167630
20000125 15:00:00 UTC,20000428 15:00:00 UTC,0.269841,4202.539287,26.428898,0.068097,0.020000,0.137852,0.156328
20000125 15:00:00 UTC,20000428 15:00:00 UTC,0.269841,4397.723429,6.198670,0.113495,0.020000,0.133918,0.153362
20000125 15:00:00 UTC,20000428 15:00:00 UTC,0.269841,4601.972768,1.050251,0.158893,0.020000,0.132690,0.156645
20000125 15:00:00 UTC,20000428 15:00:00 UTC,0.269841,4815.708331,0.139409,0.204291,0.020000,0.133581,0.164587
20000126 15:00:00 UTC,20000229 15:00:00 UTC,0.095238,3547.737957,385.758455,-0.103103,0.020000,0.159171,0.208075
20000126 15:00:00 UTC,20000229 15:00:00 UTC,0.095238,3629.961228,305.615067,-0.080191,0.020000,0.151543,0.190615
20000126 15:00:00 UTC,20000229 15:00:00 UTC,0.095238,3714.090128,226.426334,-0.057279,0.020000,0.143956,0.173850
20000126 15:00:00 UTC,20000229 15:00:00 UTC,0.095238,3800.168820,151.644937,-0.034368,0.020000,0.136582,0.157625
20000126 15:00:00 UTC,20000229 15:00:00 UTC,0.095238,3888.242493,87.206161,-0.011456,0.020000,0.129681,0.143262
20000126 15:00:00 UTC,20000229 15:00:00 UTC,0.095238,3978.357384,40.148523,0.011456,0.020000,0.123595,0.131631
20000126 15:00:00 UTC,20000229 15:00:00 UTC,0.095238,4070.560801,13.687356,0.034368,0.020000,0.118691,0.123674
20000126 15:00:00 UTC,20000229 15:00:00 UTC,0.095238,4164.901147,3.255581,0.057279,0.020000,0.115236,0.119628
20000126 15:00:00 UTC,20000229 15:00:00 UTC,0.095238,4261.427949,0.533082,0.080191,0.020000,0.113296,0.119371
20000126 15:00:00 UTC,20000229 15:00:00 UTC,0.095238,4360.191881,0.062396,0.103103,0.020000,0.112721,0.122193
20000126 15:00:00 UTC,20000331 15:00:00 UTC,0.186508,3364.804478,575.535653,-0.157869,0.020000,0.180655,0.253655
20000126 15:00:00 UTC,20000331 15:00:00 UTC,0.186508,3484.943336,459.028998,-0.122787,0.020000,0.170904,0.231112
20000126 15:00:00 UTC,20000331 15:00:00 UTC,0.186508,3609.371699,342.555000,-0.087705,0.020000,0.161111,0.208279
20000126 15:00:00 UTC,20000331 15:00:00 UTC,0.186508,3738.242722,231.075986,-0.052623,0.020000,0.151515,0.186273
20000126 15:00:00 UTC,20000331 15:00:00 UTC,0.186508,3871.715027,133.519416,-0.017541,0.020000,0.142521,0.166440
20000126 15:00:00 UTC,20000331 15:00:00 UTC,0.186508,4009.952902,61.313344,0.017541,0.020000,0.134709,0.151002
20000126 15:00:00 UTC,20000331 15:00:00 UTC,0.186508,4153.126500,20.635780,0.052623,0.020000,0.128719,0.141211
20000126 15:00:00 UTC,20000331 15:00:00 UTC,0.186508,4301.412047,4.846143,0.087705,0.020000,0.124964,0.137469
20000126 15:00:00 UTC,20000331 15:00:00 UTC,0.186508,4454.992065,0.805694,0.122787,0.020000,0.123420,0.139450
20000126 15:00:00 UTC,20000331 15:00:00 UTC,0.186508,4614.055589,0.101402,0.157869,0.020000,0.123701,0.145265
20000126 15:00:00 UTC,20000428 15:00:00 UTC,0.265873,3224.287698,721.549486,-0.202114,0.020000,0.197373,0.288166
20000126 15:00:00 UTC,20000428 15:00:00 UTC,0.265873,3372.405304,578.432100,-0.157200,0.020000,0.186148,0.261718
20000126 15:00:00 UTC,20000428 15:00:00 UTC,0.265873,3527.327148,434.000910,-0.112285,0.020000,0.174814,0.234796
20000126 15:00:00 UTC,20000428 15:00:00 UTC,0.265873,3689.365806,294.349600,-0.067371,0.020000,0.163657,0.208707
20000126 15:00:00 UTC,20000428 15:00:00 UTC,0.265873,3858.848209,170.785634,-0.022457,0.020000,0.153183,0.185099
20000126 15:00:00 UTC,20000428 15:00:00 UTC,0.265873,4036.116310,78.452177,0.022457,0.020000,0.144154,0.166728
20000126 15:00:00 UTC,20000428 15:00:00 UTC,0.265873,4221.527767,26.289655,0.067371,0.020000,0.137420,0.155985
20000126 15:00:00 UTC,20000428 15:00:00 UTC,0.265873,4415.456673,6.165767,0.112285,0.020000,0.133494,0.152389
20000126 15:00:00 UTC,20000428 15:00:00 UTC,0.265873,4618.294301,1.043712,0.157200,0.020000,0.132252,0.156024
20000126 15:00:00 UTC,20000428 15:00:00 UTC,0.265873,4830.449901,0.138166,0.202114,0.020000,0.133117,0.163928
20000127 15:00:00 UTC,20000229 15:00:00 UTC,0.091270,3560.292573,376.906111,-0.100511,0.020000,0.158148,0.205694
20000127 15:00:00 UTC,20000229 15:00:00 UTC,0.091270,3640.709097,298.503400,-0.078175,0.020000,0.150631,0.188714
20000127 15:00:00 UTC,20000229 15:00:00 UTC,0.091270,3722.941994,221.077255,-0.055839,0.020000,0.143159,0.172133
20000127 15:00:00 UTC,20000229 15:00:00 UTC,0.091270,3807.032289,148.009353,-0.033504,0.020000,0.135900,0.156286
20000127 15:00:00 UTC,20000229 15:00:00 UTC,0.091270,3893.021937,85.097671,-0.011168,0.020000,0.129106,0.142236
20000127 15:00:00 UTC,20000229 15:00:00 UTC,0.091270,3980.953838,39.186593,0.011168,0.020000,0.123109,0.130744
20000127 15:00:00 UTC,20000229 15:00:00 UTC,0.091270,4070.871861,13.371715,0.033504,0.020000,0.118261,0.122863
20000127 15:00:00 UTC,20000229 15:00:00 UTC,0.091270,4162.820868,3.184055,0.055839,0.020000,0.114826,0.118853
20000127 15:00:00 UTC,20000229 15:00:00 UTC,0.091270,4256.846732,0.521217,0.078175,0.020000,0.112869,0.118498
20000127 15:00:00 UTC,20000229 15:00:00 UTC,0.091270,4352.996363,0.060811,0.100511,0.020000,0.112251,0.121130
20000127 15:00:00 UTC,20000331 15:00:00 UTC,0.182540,3375.599279,568.475141,-0.155606,0.020000,0.179780,0.251822
20000127 15:00:00 UTC,20000331 15:00:00 UTC,0.182540,3494.366170,453.276521,-0.121027,0.020000,0.170110,0.229870
20000127 15:00:00 UTC,20000331 15:00:00 UTC,0.182540,3617.311750,338.165552,-0.086448,0.020000,0.160401,0.207043
20000127 15:00:00 UTC,20000331 15:00:00 UTC,0.182540,3744.583039,228.050278,-0.051869,0.020000,0.150890,0.185121
20000127 15:00:00 UTC,20000331 15:00:00 UTC,0.182540,3876.332234,131.743907,-0.017290,0.020000,0.141976,0.165412
20000127 15:00:00 UTC,20000331 15:00:00 UTC,0.182540,4012.716886,60.500011,0.017290,0.020000,0.134231,0.150069
20000127 15:00:00 UTC,20000331 15:00:00 UTC,0.182540,4153.900087,20.369053,0.051869,0.020000,0.128281,0.140365
20000127 15:00:00 UTC,20000331 15:00:00 UTC,0.182540,4300.050670,4.784510,0.086448,0.020000,0.124536,0.136783
20000127 15:00:00 UTC,20000331 15:00:00 UTC,0.182540,4451.343406,0.794714,0.121027,0.020000,0.122976,0.138446
20000127 15:00:00 UTC,20000331 15:00:00 UTC,0.182540,4607.959218,0.099741,0.155606,0.020000,0.123224,0.144349
20000127 15:00:00 UTC,20000428 15:00:00 UTC,0.261905,3234.364178,715.233647,-0.199934,0.020000,0.196568,0.286907
20000127 15:00:00 UTC,20000428 15:00:00 UTC,0.261905,3381.306326,573.227710,-0.155504,0.020000,0.185411,0.260255
20000127 15:00:00 UTC,20000428 15:00:00 UTC,0.261905,3534.924283,429.984408,-0.111074,0.020000,0.174149,0.233793
20000127 15:00:00 UTC,20000428 15:00:00 UTC,0.261905,3695.521339,291.549789,-0.066645,0.020000,0.163065,0.207645
20000127 15:00:00 UTC,20000428 15:00:00 UTC,0.261905,3863.414568,169.125558,-0.022215,0.020000,0.152659,0.184382
20000127 15:00:00 UTC,20000428 15:00:00 UTC,0.261905,4038.935444,77.685905,0.022215,0.020000,0.143687,0.166120
20000127 15:00:00 UTC,20000428 15:00:00 UTC,0.261905,4222.430505,26.036166,0.066645,0.020000,0.136988,0.155068
20000127 15:00:00 UTC,20000428 15:00:00 UTC,0.261905,4414.262028,6.106106,0.111074,0.020000,0.133070,0.151703
20000127 15:00:00 UTC,20000428 15:00:00 UTC,0.261905,4614.808754,1.032793,0.155504,0.020000,0.131814,0.155113
20000127 15:00:00 UTC,20000428 15:00:00 UTC,0.261905,4824.466626,0.136408,0.199934,0.020000,0.132652,0.162873
20000128 15:00:00 UTC,20000229 15:00:00 UTC,0.087302,3531.692568,363.651689,-0.097889,0.020000,0.157114,0.203480
20000128 15:00:00 UTC,20000229 15:00:00 UTC,0.087302,3609.359475,287.909677,-0.076136,0.020000,0.149711,0.186618
20000128 15:00:00 UTC,20000229 15:00:00 UTC,0.087302,3688.734387,213.152936,-0.054383,0.020000,0.142355,0.170491
20000128 15:00:00 UTC,20000229 15:00:00 UTC,0.087302,3769.854865,142.651771,-0.032630,0.020000,0.135213,0.154888
20000128 15:00:00 UTC,20000229 15:00:00 UTC,0.087302,3852.759297,81.999835,-0.010877,0.020000,0.128529,0.141104
20000128 15:00:00 UTC,20000229 15:00:00 UTC,0.087302,3937.486915,37.769614,0.010877,0.020000,0.122622,0.129887
20000128 15:00:00 UTC,20000229 15:00:00 UTC,0.087302,4024.077813,12.900341,0.032630,0.020000,0.117834,0.122075
20000128 15:00:00 UTC,20000229 15:00:00 UTC,0.087302,4112.572966,3.075665,0.054383,0.020000,0.114418,0.117997
20000128 15:00:00 UTC,20000229 15:00:00 UTC,0.087302,4203.014254,0.503538,0.076136,0.020000,0.112444,0.117623
20000128 15:00:00 UTC,20000229 15:00:00 UTC,0.087302,4295.444472,0.058584,0.097889,0.020000,0.111782,0.120118
20000128 15:00:00 UTC,20000331 15:00:00 UTC,0.178571,3347.302604,554.869866,-0.153337,0.020000,0.178902,0.250441
20000128 15:00:00 UTC,20000331 15:00:00 UTC,0.178571,3463.326876,442.309132,-0.119262,0.020000,0.169313,0.227890
20000128 15:00:00 UTC,20000331 15:00:00 UTC,0.178571,3583.372784,329.888709,-0.085187,0.020000,0.159688,0.205103
20000128 15:00:00 UTC,20000331 15:00:00 UTC,0.178571,3707.579725,222.404745,-0.051112,0.020000,0.150263,0.183785
20000128 15:00:00 UTC,20000331 15:00:00 UTC,0.178571,3836.091930,128.455901,-0.017037,0.020000,0.141431,0.164625
20000128 15:00:00 UTC,20000331 15:00:00 UTC,0.178571,3969.058627,58.992208,0.017037,0.020000,0.133752,0.149283
20000128 15:00:00 UTC,20000331 15:00:00 UTC,0.178571,4106.634219,19.868322,0.051112,0.020000,0.127844,0.139527
20000128 15:00:00 UTC,20000331 15:00:00 UTC,0.178571,4248.978459,4.667989,0.085187,0.020000,0.124109,0.135985
20000128 15:00:00 UTC,20000331 15:00:00 UTC,0.178571,4396.256638,0.774653,0.119262,0.020000,0.122532,0.137697
20000128 15:00:00 UTC,20000331 15:00:00 UTC,0.178571,4548.639776,0.096920,0.153337,0.020000,0.122747,0.143372
20000128 15:00:00 UTC,20000428 15:00:00 UTC,0.257937,3206.972165,700.686051,-0.197752,0.020000,0.195760,0.284548
20000128 15:00:00 UTC,20000428 15:00:00 UTC,0.257937,3351.044337,561.429584,-0.153807,0.020000,0.184672,0.260084
20000128 15:00:00 UTC,20000428 15:00:00 UTC,0.257937,3501.588905,421.024679,-0.109862,0.020000,0.173482,0.233073
20000128 15:00:00 UTC,20000428 15:00:00 UTC,0.257937,3658.896638,285.400085,-0.065917,0.020000,0.162471,0.206842
20000128 15:00:00 UTC,20000428 15:00:00 UTC,0.257937,3823.271370,165.523791,-0.021972,0.020000,0.152135,0.183277
20000128 15:00:00 UTC,20000428 15:00:00 UTC,0.257937,3995.030582,76.027271,0.021972,0.020000,0.143220,0.165215
20000128 15:00:00 UTC,20000428 15:00:00 UTC,0.257937,4174.506021,25.483982,0.065917,0.020000,0.136556,0.154248
20000128 15:00:00 UTC,20000428 15:00:00 UTC,0.257937,4362.044335,5.976468,0.109862,0.020000,0.132645,0.150853
20000128 15:00:00 UTC,20000428 15:00:00 UTC,0.257937,4558.007746,1.009801,0.153807,0.020000,0.131375,0.154271
20000128 15:00:00 UTC,20000428 15:00:00 UTC,0.257937,4762.774749,0.133086,0.197752,0.020000,0.132187,0.162069
